<?xml version="1.0" encoding="UTF-8"?>
<manifest xmlns="http://www.imsglobal.org/xsd/imsccv1p1/imscp_v1p1" xmlns:lomimscc="http://ltsc.ieee.org/xsd/imsccv1p1/LOM/manifest" xmlns:lom="http://ltsc.ieee.org/xsd/imsccv1p1/LOM/resource" xmlns:xsi="http://www.w3.org/2001/XMLSchema-instance" identifier="M_3E1AEC6D" xsi:schemaLocation="http://www.imsglobal.org/xsd/imsccv1p1/imscp_v1p1 http://www.imsglobal.org/profile/cc/ccv1p1/ccv1p1_imscp_v1p2_v1p0.xsd http://ltsc.ieee.org/xsd/imsccv1p1/LOM/manifest http://www.imsglobal.org/profile/cc/ccv1p1/LOM/ccv1p1_lommanifest_v1p0.xsd http://ltsc.ieee.org/xsd/imsccv1p1/LOM/resource http://www.imsglobal.org/profile/cc/ccv1p1/LOM/ccv1p1_lomresource_v1p0.xsd">
  <metadata>
    <schema>IMS Common Cartridge</schema>
    <schemaversion>1.1.0</schemaversion>
    <lomimscc:lom>
      <lomimscc:general>
        <lomimscc:title>
          <lomimscc:string language="en">Culture Numérique</lomimscc:string>
        </lomimscc:title>
        <lomimscc:language>en</lomimscc:language>
        <lomimscc:description>
          <lomimscc:string language="en" />
        </lomimscc:description>
        <lomimscc:identifier>
          <lomimscc:catalog>category</lomimscc:catalog>
          <lomimscc:entry>Divers</lomimscc:entry>
        </lomimscc:identifier>
      </lomimscc:general>
    </lomimscc:lom>
  </metadata>
  <organizations>
    <organization identifier="organization0" structure="rooted-hierarchy">
      <item identifier="root">
        <item identifier="sec_0">
          <title>0</title>
          <item identifier="subsec_0_0" identifierref="doc_0_0">
            <title>Objectifs et fonctionnement du cours Culture numérique</title>
          </item>
          <item identifier="subsec_0_1" identifierref="doc_0_1">
            <title>Comment répondre aux tests de compréhension ?</title>
          </item>
          <item identifier="subsec_0_2" identifierref="doc_0_2">
            <title>Comment répondre aux exercices d'approfondissement ?</title>
          </item>
        </item>
        <item identifier="sec_1">
          <title>1</title>
          <item identifier="subsec_1_0" identifierref="doc_1_0">
            <title>1.1 Informatique et numérique (version video)</title>
          </item>
          <item identifier="subsec_1_1" identifierref="doc_1_1">
            <title>1.1 Informatique et numérique (version texte)</title>
          </item>
          <item identifier="subsec_1_2" identifierref="doc_1_2">
            <title>1.1.1 Quizz (3 questions)</title>
          </item>
          <item identifier="subsec_1_3" identifierref="doc_1_3">
            <title>1.1.2 Le numérique dans tous les domaines</title>
          </item>
          <item identifier="subsec_1_4" identifierref="doc_1_4">
            <title>1.1.2 Le numérique dans tous les domaines - Correction</title>
          </item>
          <item identifier="subsec_1_5" identifierref="doc_1_5">
            <title>1.1.3 Le numérique au quotidien</title>
          </item>
          <item identifier="subsec_1_6" identifierref="doc_1_6">
            <title>1.1.3 Le numérique au quotidien - Correction</title>
          </item>
          <item identifier="subsec_1_7" identifierref="doc_1_7">
            <title>1.1.4 Le numérique dans la société</title>
          </item>
          <item identifier="subsec_1_8" identifierref="doc_1_8">
            <title>1.1.4 Le numérique dans la société - Correction</title>
          </item>
        </item>
        <item identifier="sec_2">
          <title>2</title>
          <item identifier="subsec_2_0" identifierref="doc_2_0">
            <title>1.2 Historique informatique (version video)</title>
          </item>
          <item identifier="subsec_2_1" identifierref="doc_2_1">
            <title>1.2 Historique informatique (version texte)</title>
          </item>
          <item identifier="subsec_2_2" identifierref="doc_2_2">
            <title>1.2.1 Quizz (2 questions)</title>
          </item>
          <item identifier="subsec_2_3" identifierref="doc_2_3">
            <title>1.2.2 Quizz (2 questions)</title>
          </item>
          <item identifier="subsec_2_4" identifierref="doc_2_4">
            <title>1.2.3 Personnages importants</title>
          </item>
          <item identifier="subsec_2_5" identifierref="doc_2_5">
            <title>1.2.3 Personnages importants - Correction</title>
          </item>
          <item identifier="subsec_2_6" identifierref="doc_2_6">
            <title>1.2.4 la vitesse des ordinateurs</title>
          </item>
          <item identifier="subsec_2_7" identifierref="doc_2_7">
            <title>1.2.4 la vitesse des ordinateurs - Correction</title>
          </item>
          <item identifier="subsec_2_8" identifierref="doc_2_8">
            <title>1.2.5 D'où vient le PC ?</title>
          </item>
          <item identifier="subsec_2_9" identifierref="doc_2_9">
            <title>1.2.5 D'où vient le PC ? - Correction</title>
          </item>
          <item identifier="subsec_2_10" identifierref="doc_2_10">
            <title>1.2.6 Évolution des interfaces homme-machine</title>
          </item>
          <item identifier="subsec_2_11" identifierref="doc_2_11">
            <title>1.2.6 Évolution des interfaces homme-machine - Correction</title>
          </item>
        </item>
        <item identifier="sec_3">
          <title>3</title>
          <item identifier="subsec_3_0" identifierref="doc_3_0">
            <title>1.3 Naissance d'Internet (version video)</title>
          </item>
          <item identifier="subsec_3_1" identifierref="doc_3_1">
            <title>1.3 Naissance d'Internet (version texte)</title>
          </item>
          <item identifier="subsec_3_2" identifierref="doc_3_2">
            <title>1.3.1 Quizz (3 questions)</title>
          </item>
          <item identifier="subsec_3_3" identifierref="doc_3_3">
            <title>1.3.2 Qui a inventé Internet ?</title>
          </item>
          <item identifier="subsec_3_4" identifierref="doc_3_4">
            <title>1.3.2 Qui a inventé Internet ? - Correction</title>
          </item>
          <item identifier="subsec_3_5" identifierref="doc_3_5">
            <title>1.3.3 Qui a accès à internet ?</title>
          </item>
          <item identifier="subsec_3_6" identifierref="doc_3_6">
            <title>1.3.3 Qui a accès à internet ? - Correction</title>
          </item>
        </item>
        <item identifier="sec_4">
          <title>4</title>
          <item identifier="subsec_4_0" identifierref="doc_4_0">
            <title>1.4 Comment ça marche ? (version video)</title>
          </item>
          <item identifier="subsec_4_1" identifierref="doc_4_1">
            <title>1.4 Comment ça marche ? (version texte)</title>
          </item>
          <item identifier="subsec_4_2" identifierref="doc_4_2">
            <title>1.4.1 Quizz (3 questions)</title>
          </item>
          <item identifier="subsec_4_3" identifierref="doc_4_3">
            <title>1.4.2 Combien y-a-t-il d'adresses IP ?</title>
          </item>
          <item identifier="subsec_4_4" identifierref="doc_4_4">
            <title>1.4.3 Les serveurs de noms - correction</title>
          </item>
          <item identifier="subsec_4_5" identifierref="doc_4_5">
            <title>1.4.4. Panne générale </title>
          </item>
          <item identifier="subsec_4_6" identifierref="doc_4_6">
            <title>1.4.4. Panne générale - Correction</title>
          </item>
        </item>
        <item identifier="sec_5">
          <title>5</title>
          <item identifier="subsec_5_0" identifierref="doc_5_0">
            <title>1.5 Que se passe-t-il quand on se connecte à Internet ? (version video)</title>
          </item>
          <item identifier="subsec_5_1" identifierref="doc_5_1">
            <title>1.5 Que se passe-t-il quand on se connecte à Internet ? (version texte)</title>
          </item>
          <item identifier="subsec_5_2" identifierref="doc_5_2">
            <title>1.5.1 Quizz (2 questions)</title>
          </item>
          <item identifier="subsec_5_3" identifierref="doc_5_3">
            <title>1.5.2 Utiliser les serveurs de noms</title>
          </item>
          <item identifier="subsec_5_4" identifierref="doc_5_4">
            <title>1.5.2 Utiliser les serveurs de noms - Correction</title>
          </item>
          <item identifier="subsec_5_5" identifierref="doc_5_5">
            <title>1.5.3 La charte informatique de l'université</title>
          </item>
          <item identifier="subsec_5_6" identifierref="doc_5_6">
            <title>1.5.3 La charte informatique de l'université - Correction</title>
          </item>
        </item>
        <item identifier="sec_6">
          <title>6</title>
          <item identifier="subsec_6_0" identifierref="doc_6_0">
            <title>1.6a Les supports physiques de transmission de l’information (version video)</title>
          </item>
          <item identifier="subsec_6_1" identifierref="doc_6_1">
            <title>1.6a Les supports physiques de transmission de l’information (version texte)</title>
          </item>
          <item identifier="subsec_6_2" identifierref="doc_6_2">
            <title>1.6b Connexions nomades et vitesse de transmission  (version video)</title>
          </item>
          <item identifier="subsec_6_3" identifierref="doc_6_3">
            <title>1.6b Connexions nomades et vitesse de transmission  (version texte)</title>
          </item>
          <item identifier="subsec_6_4" identifierref="doc_6_4">
            <title>1.6.1 Quizz (3 questions)</title>
          </item>
          <item identifier="subsec_6_5" identifierref="doc_6_5">
            <title>1.6.2 Wifi ou Données mobiles</title>
          </item>
          <item identifier="subsec_6_6" identifierref="doc_6_6">
            <title>1.6.2 Wifi ou Données mobiles ? - Correction</title>
          </item>
          <item identifier="subsec_6_7" identifierref="doc_6_7">
            <title>1.6.3. Les débits</title>
          </item>
          <item identifier="subsec_6_8" identifierref="doc_6_8">
            <title>1.6.3. Les débits : correction</title>
          </item>
        </item>
        <item identifier="sec_7">
          <title>7</title>
          <item identifier="subsec_7_0" identifierref="doc_7_0">
            <title>1.8 Société : qui décide sur Internet ? (version video)</title>
          </item>
          <item identifier="subsec_7_1" identifierref="doc_7_1">
            <title>1.8 Société : qui décide sur Internet ? (version texte)</title>
          </item>
          <item identifier="subsec_7_2" identifierref="doc_7_2">
            <title>1.8.2 Le saviez-vous ? Comment la Chine censure Internet ?</title>
          </item>
          <item identifier="subsec_7_3" identifierref="doc_7_3">
            <title>1.8.3 L’ICANN et la CNIL</title>
          </item>
          <item identifier="subsec_7_4" identifierref="doc_7_4">
            <title>1.8.3 L’ICANN et la CNIL - correction</title>
          </item>
        </item>
      </item>
    </organization>
  </organizations>
  <resources>
    <!-- Media -->
    <resource identifier="media_1" href="media/cult_num_s1_mod_1_internet_.svg" type="webcontent">
      <file href="media/cult_num_s1_mod_1_internet_.svg" />
    </resource>
    <resource identifier="media_2" href="media/louispouzin.jpg" type="webcontent">
      <file href="media/louispouzin.jpg" />
    </resource>
    <resource identifier="media_3" href="media/vintoncerf.jpg" type="webcontent">
      <file href="media/vintoncerf.jpg" />
    </resource>
    <resource identifier="media_4" href="media/illu_1.jpg" type="webcontent">
      <file href="media/illu_1.jpg" />
    </resource>
    <!-- Webcontent -->
    <resource identifier="doc_0_0" href="media/culture-numerique_mode_emploi-v04.pdf" type="webcontent">
      <file href="media/culture-numerique_mode_emploi-v04.pdf" />
    </resource>
    <resource identifier="doc_0_1" href="webcontent/comment_repondre_aux_tests_de_comprehension_.html" type="webcontent">
      <file href="webcontent/comment_repondre_aux_tests_de_comprehension_.html" />
    </resource>
    <resource identifier="doc_0_2" href="webcontent/comment_repondre_aux_exercices_d_approfondissement_.html" type="webcontent">
      <file href="webcontent/comment_repondre_aux_exercices_d_approfondissement_.html" />
    </resource>
    <resource identifier="doc_1_0" href="videos/1.1_informatique_et_numerique__version_video_.html" type="webcontent">
      <file href="videos/1.1_informatique_et_numerique__version_video_.html" />
    </resource>
    <resource identifier="doc_1_1" href="webcontent/1.1_informatique_et_numerique_version_texte.html" type="webcontent">
      <file href="webcontent/1.1_informatique_et_numerique_version_texte.html" />
    </resource>
    <resource identifier="doc_1_2" href="auto-evaluation/1.1.1.assesment.xml" type="imsqti_xmlv1p2/imscc_xmlv1p1/assessment">
      <file href="auto-evaluation/1.1.1.assesment.xml" />
    </resource>
    <resource identifier="doc_1_3" href="devoirs/1-1-2-le-numerique-dans-tous-les-domaines.html" type="webcontent">
      <file href="devoirs/1-1-2-le-numerique-dans-tous-les-domaines.html" />
    </resource>
    <resource identifier="doc_1_4" href="webcontent/1.1.2_le_numerique_dans_tous_les_domaines_-_correction.html" type="webcontent">
      <file href="webcontent/1.1.2_le_numerique_dans_tous_les_domaines_-_correction.html" />
    </resource>
    <resource identifier="doc_1_5" href="devoirs/1-1-3-le-numerique-au-quotidien.html" type="webcontent">
      <file href="devoirs/1-1-3-le-numerique-au-quotidien.html" />
    </resource>
    <resource identifier="doc_1_6" href="webcontent/1.1.3_le_numerique_au_quotidien_-_correction.html" type="webcontent">
      <file href="webcontent/1.1.3_le_numerique_au_quotidien_-_correction.html" />
    </resource>
    <resource identifier="doc_1_7" href="devoirs/1-1-4-le-numerique-dans-la-societe.html" type="webcontent">
      <file href="devoirs/1-1-4-le-numerique-dans-la-societe.html" />
    </resource>
    <resource identifier="doc_1_8" href="webcontent/1.1.4_le_numerique_dans_la_societe_-_correction.html" type="webcontent">
      <file href="webcontent/1.1.4_le_numerique_dans_la_societe_-_correction.html" />
    </resource>
    <resource identifier="doc_2_0" href="videos/1.2_historique_informatique__version_video_.html" type="webcontent">
      <file href="videos/1.2_historique_informatique__version_video_.html" />
    </resource>
    <resource identifier="doc_2_1" href="webcontent/1.2_historique_informatique_version_texte.html" type="webcontent">
      <file href="webcontent/1.2_historique_informatique_version_texte.html" />
    </resource>
    <resource identifier="doc_2_2" href="auto-evaluation/1.2.1.assesment.xml" type="imsqti_xmlv1p2/imscc_xmlv1p1/assessment">
      <file href="auto-evaluation/1.2.1.assesment.xml" />
    </resource>
    <resource identifier="doc_2_3" href="auto-evaluation/1.2.2.assesment.xml" type="imsqti_xmlv1p2/imscc_xmlv1p1/assessment">
      <file href="auto-evaluation/1.2.2.assesment.xml" />
    </resource>
    <resource identifier="doc_2_4" href="devoirs/1-2-3-des-personnages-importants.html" type="webcontent">
      <file href="devoirs/1-2-3-des-personnages-importants.html" />
    </resource>
    <resource identifier="doc_2_5" href="webcontent/1.2.3_personnages_importants_-_correction.html" type="webcontent">
      <file href="webcontent/1.2.3_personnages_importants_-_correction.html" />
    </resource>
    <resource identifier="doc_2_6" href="devoirs/1-2-4-la-vitesse-des-ordinateurs.html" type="webcontent">
      <file href="devoirs/1-2-4-la-vitesse-des-ordinateurs.html" />
    </resource>
    <resource identifier="doc_2_7" href="webcontent/1.2.4_la_vitesse_des_ordinateurs_-_correction.html" type="webcontent">
      <file href="webcontent/1.2.4_la_vitesse_des_ordinateurs_-_correction.html" />
    </resource>
    <resource identifier="doc_2_8" href="devoirs/1-2-5-dou-vient-le-pc.html" type="webcontent">
      <file href="devoirs/1-2-5-dou-vient-le-pc.html" />
    </resource>
    <resource identifier="doc_2_9" href="webcontent/1.2.5_dou_vient_le_pc_?_-_correction.html" type="webcontent">
      <file href="webcontent/1.2.5_dou_vient_le_pc_?_-_correction.html" />
    </resource>
    <resource identifier="doc_2_10" href="devoirs/1-2-6-les-interfaces-homme-machine.html" type="webcontent">
      <file href="devoirs/1-2-6-les-interfaces-homme-machine.html" />
    </resource>
    <resource identifier="doc_2_11" href="webcontent/1.2.6_evolution_des_interfaces_homme-machine_-_correction.html" type="webcontent">
      <file href="webcontent/1.2.6_evolution_des_interfaces_homme-machine_-_correction.html" />
    </resource>
    <resource identifier="doc_3_0" href="videos/1.3_naissance_dinternet__version_video_.html" type="webcontent">
      <file href="videos/1.3_naissance_dinternet__version_video_.html" />
    </resource>
    <resource identifier="doc_3_1" href="webcontent/1.3_naissance_d_internet_version_texte.html" type="webcontent">
      <file href="webcontent/1.3_naissance_d_internet_version_texte.html" />
    </resource>
    <resource identifier="doc_3_2" href="auto-evaluation/1.3.1.assesment.xml" type="imsqti_xmlv1p2/imscc_xmlv1p1/assessment">
      <file href="auto-evaluation/1.3.1.assesment.xml" />
    </resource>
    <resource identifier="doc_3_3" href="devoirs/1-3-2-qui-a-invente-internet.html" type="webcontent">
      <file href="devoirs/1-3-2-qui-a-invente-internet.html" />
    </resource>
    <resource identifier="doc_3_4" href="webcontent/1.3.2_qui_a_invente_internet_?_-_correction.html" type="webcontent">
      <file href="webcontent/1.3.2_qui_a_invente_internet_?_-_correction.html" />
      <dependency identifierref="media_3" />
    </resource>
    <resource identifier="doc_3_5" href="devoirs/1-3-3-qui-a-acces-a-internet.html" type="webcontent">
      <file href="devoirs/1-3-3-qui-a-acces-a-internet.html" />
    </resource>
    <resource identifier="doc_3_6" href="webcontent/1.3.3_qui_a_acces_a_internet_?_-_correction.html" type="webcontent">
      <file href="webcontent/1.3.3_qui_a_acces_a_internet_?_-_correction.html" />
    </resource>
    <resource identifier="doc_4_0" href="videos/1.4_comment_ca_marche__version_video_.html" type="webcontent">
      <file href="videos/1.4_comment_ca_marche__version_video_.html" />
    </resource>
    <resource identifier="doc_4_1" href="webcontent/1.4_comment_ca_marche_?_version_texte.html" type="webcontent">
      <file href="webcontent/1.4_comment_ca_marche_?_version_texte.html" />
    </resource>
    <resource identifier="doc_4_2" href="auto-evaluation/1.4.1.assesment.xml" type="imsqti_xmlv1p2/imscc_xmlv1p1/assessment">
      <file href="auto-evaluation/1.4.1.assesment.xml" />
    </resource>
    <resource identifier="doc_4_3" href="webcontent/1.4.2_combien_y-a-t-il_dadresses_ip_?.html" type="webcontent">
      <file href="webcontent/1.4.2_combien_y-a-t-il_dadresses_ip_?.html" />
    </resource>
    <resource identifier="doc_4_4" href="webcontent/1.4.3_les_serveurs_de_noms_-_correction.html" type="webcontent">
      <file href="webcontent/1.4.3_les_serveurs_de_noms_-_correction.html" />
    </resource>
    <resource identifier="doc_4_5" href="devoirs/1-4-4-panne-generale.html" type="webcontent">
      <file href="devoirs/1-4-4-panne-generale.html" />
      <dependency identifierref="media_1" />
    </resource>
    <resource identifier="doc_4_6" href="webcontent/1.4.4._panne_generale_-_correction.html" type="webcontent">
      <file href="webcontent/1.4.4._panne_generale_-_correction.html" />
    </resource>
    <resource identifier="doc_5_0" href="videos/1.5_que_se_passe_t-il_quand_on_se_connecte_a_internet__version_video_.html" type="webcontent">
      <file href="videos/1.5_que_se_passe_t-il_quand_on_se_connecte_a_internet__version_video_.html" />
    </resource>
    <resource identifier="doc_5_1" href="webcontent/1.5_que_se_passe-t-il_quand_on_se_connecte_a_internet_?_version_texte.html" type="webcontent">
      <file href="webcontent/1.5_que_se_passe-t-il_quand_on_se_connecte_a_internet_?_version_texte.html" />
    </resource>
    <resource identifier="doc_5_2" href="auto-evaluation/1.5.1.assesment.xml" type="imsqti_xmlv1p2/imscc_xmlv1p1/assessment">
      <file href="auto-evaluation/1.5.1.assesment.xml" />
    </resource>
    <resource identifier="doc_5_3" href="devoirs/1-5-2-utiliser-les-serveurs-de-noms.html" type="webcontent">
      <file href="devoirs/1-5-2-utiliser-les-serveurs-de-noms.html" />
    </resource>
    <resource identifier="doc_5_4" href="webcontent/1.5.2_utiliser_les_serveurs_de_noms_-_correction.html" type="webcontent">
      <file href="webcontent/1.5.2_utiliser_les_serveurs_de_noms_-_correction.html" />
    </resource>
    <resource identifier="doc_5_5" href="devoirs/1-5-3-la-charte-informatique-de-luniversite.html" type="webcontent">
      <file href="devoirs/1-5-3-la-charte-informatique-de-luniversite.html" />
    </resource>
    <resource identifier="doc_5_6" href="webcontent/1.5.3_la_charte_informatique_de_l_universite_-_correction.html" type="webcontent">
      <file href="webcontent/1.5.3_la_charte_informatique_de_l_universite_-_correction.html" />
    </resource>
    <resource identifier="doc_6_0" href="videos/1.6_les_supports_physiques_de_transmission_de_linfo__version_video_.html" type="webcontent">
      <file href="videos/1.6_les_supports_physiques_de_transmission_de_linfo__version_video_.html" />
    </resource>
    <resource identifier="doc_6_1" href="webcontent/1.6_les_supports_physiques_de_transmission_de_l_information_version_texte.html" type="webcontent">
      <file href="webcontent/1.6_les_supports_physiques_de_transmission_de_l_information_version_texte.html" />
    </resource>
    <resource identifier="doc_6_2" href="videos/1.7_connexions_nomades_et_vitesse_de_transmission__version_video_.html" type="webcontent">
      <file href="videos/1.7_connexions_nomades_et_vitesse_de_transmission__version_video_.html" />
    </resource>
    <resource identifier="doc_6_3" href="webcontent/1.7_connexions_nomades_et_vitesse_de_transmission__version_texte.html" type="webcontent">
      <file href="webcontent/1.7_connexions_nomades_et_vitesse_de_transmission__version_texte.html" />
    </resource>
    <resource identifier="doc_6_4" href="auto-evaluation/1.6.1.assesment.xml" type="imsqti_xmlv1p2/imscc_xmlv1p1/assessment">
      <file href="auto-evaluation/1.6.1.assesment.xml" />
    </resource>
    <resource identifier="doc_6_5" href="devoirs/1-6-2-wifi-ou-donnees-mobiles.html" type="webcontent">
      <file href="devoirs/1-6-2-wifi-ou-donnees-mobiles.html" />
    </resource>
    <resource identifier="doc_6_6" href="webcontent/1.6.2_wifi_ou_donnees_mobiles_?_-_correction.html" type="webcontent">
      <file href="webcontent/1.6.2_wifi_ou_donnees_mobiles_?_-_correction.html" />
    </resource>
    <resource identifier="doc_6_7" href="devoirs/1-6-3-les-debits.html" type="webcontent">
      <file href="devoirs/1-6-3-les-debits.html" />
    </resource>
    <resource identifier="doc_6_8" href="webcontent/1.6.3._les_debits__correction.html" type="webcontent">
      <file href="webcontent/1.6.3._les_debits__correction.html" />
    </resource>
    <resource identifier="doc_7_0" href="videos/1.8_societe_qui_decide_sur_internet__version_video_.html" type="webcontent">
      <file href="videos/1.8_societe_qui_decide_sur_internet__version_video_.html" />
    </resource>
    <resource identifier="doc_7_1" href="webcontent/1.8_societe__qui_decide_sur_internet_?_version_texte.html" type="webcontent">
      <file href="webcontent/1.8_societe__qui_decide_sur_internet_?_version_texte.html" />
    </resource>
    <resource identifier="doc_7_2" href="webcontent/1.8.2_le_saviez-vous_?_comment_la_chine_censure_internet_?.html" type="webcontent">
      <file href="webcontent/1.8.2_le_saviez-vous_?_comment_la_chine_censure_internet_?.html" />
    </resource>
    <resource identifier="doc_7_3" href="devoirs/1-8-3-licann-et-la-cnil.html" type="webcontent">
      <file href="devoirs/1-8-3-licann-et-la-cnil.html" />
    </resource>
    <resource identifier="doc_7_4" href="webcontent/1.8.3_l_icann_et_la_cnil-_correction.html" type="webcontent">
      <file href="webcontent/1.8.3_l_icann_et_la_cnil-_correction.html" />
    </resource>
  </resources>
</manifest>