<?xml version="1.0" encoding="UTF-8"?>
<manifest xmlns="http://www.imsglobal.org/xsd/imsccv1p1/imscp_v1p1" xmlns:lomimscc="http://ltsc.ieee.org/xsd/imsccv1p1/LOM/manifest" xmlns:lom="http://ltsc.ieee.org/xsd/imsccv1p1/LOM/resource" xmlns:xsi="http://www.w3.org/2001/XMLSchema-instance" identifier="M_3E1AEC6D" xsi:schemaLocation="http://www.imsglobal.org/xsd/imsccv1p1/imscp_v1p1 http://www.imsglobal.org/profile/cc/ccv1p1/ccv1p1_imscp_v1p2_v1p0.xsd http://ltsc.ieee.org/xsd/imsccv1p1/LOM/manifest http://www.imsglobal.org/profile/cc/ccv1p1/LOM/ccv1p1_lommanifest_v1p0.xsd http://ltsc.ieee.org/xsd/imsccv1p1/LOM/resource http://www.imsglobal.org/profile/cc/ccv1p1/LOM/ccv1p1_lomresource_v1p0.xsd">
  <metadata>
    <schema>IMS Common Cartridge</schema>
    <schemaversion>1.1.0</schemaversion>
    <lomimscc:lom>
      <lomimscc:general>
        <lomimscc:title>
          <lomimscc:string language="en">Internet: technologies, usages, société</lomimscc:string>
        </lomimscc:title>
        <lomimscc:language>en</lomimscc:language>
        <lomimscc:description>
          <lomimscc:string language="en" />
        </lomimscc:description>
        <lomimscc:identifier>
          <lomimscc:catalog>category</lomimscc:catalog>
          <lomimscc:entry>Divers</lomimscc:entry>
        </lomimscc:identifier>
      </lomimscc:general>
    </lomimscc:lom>
  </metadata>
  <organizations>
    <organization structure="rooted-hierarchy" identifier="organization0">
      <item identifier="root">
        <item identifier="sec_0">
          <title>0</title>
          <item identifierref="doc_0_0" identifier="subsec_0_0">
            <title>1.1 Cours</title>
          </item>
          <item identifierref="doc_0_1" identifier="subsec_0_1">
            <title>1.2 Quizz</title>
          </item>
          <item identifierref="doc_0_2" identifier="subsec_0_2">
            <title>1.3 Exercice d'approfondissement</title>
          </item>
          <item identifierref="doc_0_3" identifier="subsec_0_3">
            <title>1.4 Le numérique concerne tout le monde [correction]</title>
          </item>
          <item identifierref="doc_0_4" identifier="subsec_0_4">
            <title>1.5 Exercice d'approfondissement</title>
          </item>
          <item identifierref="doc_0_5" identifier="subsec_0_5">
            <title>1.6 le numérique au quotidien [correction]</title>
          </item>
          <item identifierref="doc_0_6" identifier="subsec_0_6">
            <title>1.7 Exercice d'approfondissement</title>
          </item>
        </item>
        <item identifier="sec_1">
          <title>1</title>
          <item identifierref="doc_1_0" identifier="subsec_1_0">
            <title>2.1 Cours</title>
          </item>
          <item identifierref="doc_1_1" identifier="subsec_1_1">
            <title>2.2 Quizz</title>
          </item>
          <item identifierref="doc_1_2" identifier="subsec_1_2">
            <title>2.3 Quizz</title>
          </item>
          <item identifierref="doc_1_3" identifier="subsec_1_3">
            <title>2.4 Exercice d'approfondissement</title>
          </item>
          <item identifierref="doc_1_4" identifier="subsec_1_4">
            <title>2.5 Personnages importants - Correction</title>
          </item>
          <item identifierref="doc_1_5" identifier="subsec_1_5">
            <title>2.6 Exercice d'approfondissement</title>
          </item>
          <item identifierref="doc_1_6" identifier="subsec_1_6">
            <title>2.7 la vitesse des ordinateurs [Correction]</title>
          </item>
          <item identifierref="doc_1_7" identifier="subsec_1_7">
            <title>2.8 Exercice d'approfondissement</title>
          </item>
          <item identifierref="doc_1_8" identifier="subsec_1_8">
            <title>2.9 D'où vient le PC ? [Correction]</title>
          </item>
          <item identifierref="doc_1_9" identifier="subsec_1_9">
            <title>2.10 Exercice d'approfondissement</title>
          </item>
          <item identifierref="doc_1_10" identifier="subsec_1_10">
            <title>2.11 Évolution des interfaces homme-machine - [Correction]</title>
          </item>
        </item>
        <item identifier="sec_2">
          <title>2</title>
          <item identifierref="doc_2_0" identifier="subsec_2_0">
            <title>3.1 Cours</title>
          </item>
          <item identifierref="doc_2_1" identifier="subsec_2_1">
            <title>3.2 Quizz</title>
          </item>
          <item identifierref="doc_2_2" identifier="subsec_2_2">
            <title>3.3 Exercice d'approfondissement</title>
          </item>
          <item identifierref="doc_2_3" identifier="subsec_2_3">
            <title>3.4 Qui a inventé internet ? - Correction</title>
          </item>
          <item identifierref="doc_2_4" identifier="subsec_2_4">
            <title>3.5 Exercice d'approfondissement</title>
          </item>
          <item identifierref="doc_2_5" identifier="subsec_2_5">
            <title>3.6 Qui a accès à internet ?  [Correction]</title>
          </item>
        </item>
        <item identifier="sec_3">
          <title>3</title>
          <item identifierref="doc_3_0" identifier="subsec_3_0">
            <title>4.1 Cours</title>
          </item>
          <item identifierref="doc_3_1" identifier="subsec_3_1">
            <title>4.2 Quizz</title>
          </item>
          <item identifierref="doc_3_2" identifier="subsec_3_2">
            <title>4.3 Exercice d'approfondissement</title>
          </item>
          <item identifierref="doc_3_3" identifier="subsec_3_3">
            <title>4.4 Combien y-a-t-il d'adresses IP ? [Correction]</title>
          </item>
          <item identifierref="doc_3_4" identifier="subsec_3_4">
            <title>4.5 Exercice d'approfondissement</title>
          </item>
          <item identifierref="doc_3_5" identifier="subsec_3_5">
            <title>4.6 Les serveurs de noms [correction]</title>
          </item>
          <item identifierref="doc_3_6" identifier="subsec_3_6">
            <title>4.7 Exercice d'approfondissement</title>
          </item>
        </item>
        <item identifier="sec_4">
          <title>4</title>
          <item identifierref="doc_4_0" identifier="subsec_4_0">
            <title>5.1 Cours</title>
          </item>
          <item identifierref="doc_4_1" identifier="subsec_4_1">
            <title>5.2 Quizz</title>
          </item>
          <item identifierref="doc_4_2" identifier="subsec_4_2">
            <title>5.3 Exercice d'approfondissement</title>
          </item>
          <item identifierref="doc_4_3" identifier="subsec_4_3">
            <title>5.4 Utiliser les serveurs de noms [Correction]</title>
          </item>
        </item>
        <item identifier="sec_5">
          <title>5</title>
          <item identifierref="doc_5_0" identifier="subsec_5_0">
            <title>6.1 Cours</title>
          </item>
          <item identifierref="doc_5_1" identifier="subsec_5_1">
            <title>6.2 Quizz</title>
          </item>
          <item identifierref="doc_5_2" identifier="subsec_5_2">
            <title>6.3 Exercice d'approfondissement</title>
          </item>
          <item identifierref="doc_5_3" identifier="subsec_5_3">
            <title>6.4 Wifi ou données mobiles ? - [Correction]</title>
          </item>
          <item identifierref="doc_5_4" identifier="subsec_5_4">
            <title>6.5 Exercice d'approfondissement</title>
          </item>
          <item identifierref="doc_5_5" identifier="subsec_5_5">
            <title>6.6 Le saviez-vous ? </title>
          </item>
        </item>
        <item identifier="sec_6">
          <title>6</title>
          <item identifierref="doc_6_0" identifier="subsec_6_0">
            <title>7.1 Cours</title>
          </item>
          <item identifierref="doc_6_1" identifier="subsec_6_1">
            <title>7.2 Quizz</title>
          </item>
          <item identifierref="doc_6_2" identifier="subsec_6_2">
            <title>7.3 Le saviez-vous ? </title>
          </item>
          <item identifierref="doc_6_3" identifier="subsec_6_3">
            <title>7.4 Quizz</title>
          </item>
        </item>
      </item>
    </organization>
  </organizations>
  <resources>
    <!-- Media -->
    <resource type="webcontent" href="media/exoInternet.svg" identifier="media_0">
      <file href="media/exoInternet.svg" />
    </resource>
    <resource type="webcontent" href="media/johnVonNeumann.jpg" identifier="media_1">
      <file href="media/johnVonNeumann.jpg" />
    </resource>
    <resource type="webcontent" href="media/alanturing.jpg" identifier="media_2">
      <file href="media/alanturing.jpg" />
    </resource>
    <resource type="webcontent" href="media/Grace_Hopper_and_UNIVAC.jpg" identifier="media_3">
      <file href="media/Grace_Hopper_and_UNIVAC.jpg" />
    </resource>
    <resource type="webcontent" href="media/ENIAC.gif" identifier="media_4">
      <file href="media/ENIAC.gif" />
    </resource>
    <resource type="webcontent" href="media/culture-numerique_mode_emploi-v04.pdf" identifier="media_5">
      <file href="media/culture-numerique_mode_emploi-v04.pdf" />
    </resource>
    <resource type="webcontent" href="media/cult_num_s1_mod_1_internet_.svg" identifier="media_6">
      <file href="media/cult_num_s1_mod_1_internet_.svg" />
    </resource>
    <resource type="webcontent" href="media/louispouzin.jpg" identifier="media_7">
      <file href="media/louispouzin.jpg" />
    </resource>
    <resource type="webcontent" href="media/Douglas_Engelbart's_prototype_mouse.jpg" identifier="media_8">
      <file href="media/Douglas_Engelbart's_prototype_mouse.jpg" />
    </resource>
    <resource type="webcontent" href="media/vintoncerf.jpg" identifier="media_9">
      <file href="media/vintoncerf.jpg" />
    </resource>
    <resource type="webcontent" href="media/graph_puissance_small.jpg" identifier="media_10">
      <file href="media/graph_puissance_small.jpg" />
    </resource>
    <resource type="webcontent" href="media/Apple_Lisa_2.jpg" identifier="media_11">
      <file href="media/Apple_Lisa_2.jpg" />
    </resource>
    <resource type="webcontent" href="media/francoisGernelle.jpg" identifier="media_12">
      <file href="media/francoisGernelle.jpg" />
    </resource>
    <resource type="webcontent" href="media/adalovelace.jpg" identifier="media_13">
      <file href="media/adalovelace.jpg" />
    </resource>
    <resource type="webcontent" href="media/illu_1.jpg" identifier="media_14">
      <file href="media/illu_1.jpg" />
    </resource>
    <!-- Webcontent -->
    <resource type="webcontent" href="webcontent/1-1-cours_webcontent.html" identifier="doc_0_0">
      <file href="webcontent/1-1-cours_webcontent.html" />
    </resource>
    <resource type="imsqti_xmlv1p2/imscc_xmlv1p1/assessment" href="auto-evaluation/1-2-quizz_auto-evaluation.xml" identifier="doc_0_1">
      <file href="auto-evaluation/1-2-quizz_auto-evaluation.xml" />
    </resource>
    <resource type="imsqti_xmlv1p2/imscc_xmlv1p1/assessment" href="devoirs/1-3-exercice-dapprofondissement_devoirs.xml" identifier="doc_0_2">
      <file href="devoirs/1-3-exercice-dapprofondissement_devoirs.xml" />
    </resource>
    <resource type="webcontent" href="correction/1-4-le-numerique-concerne-tout-le-monde-correction_correction.html" identifier="doc_0_3">
      <file href="correction/1-4-le-numerique-concerne-tout-le-monde-correction_correction.html" />
    </resource>
    <resource type="imsqti_xmlv1p2/imscc_xmlv1p1/assessment" href="devoirs/1-5-exercice-dapprofondissement_devoirs.xml" identifier="doc_0_4">
      <file href="devoirs/1-5-exercice-dapprofondissement_devoirs.xml" />
    </resource>
    <resource type="webcontent" href="correction/1-6-le-numerique-au-quotidien-correction_correction.html" identifier="doc_0_5">
      <file href="correction/1-6-le-numerique-au-quotidien-correction_correction.html" />
    </resource>
    <resource type="imsqti_xmlv1p2/imscc_xmlv1p1/assessment" href="devoirs/1-7-exercice-dapprofondissement_devoirs.xml" identifier="doc_0_6">
      <file href="devoirs/1-7-exercice-dapprofondissement_devoirs.xml" />
    </resource>
    <resource type="webcontent" href="webcontent/2-1-cours_webcontent.html" identifier="doc_1_0">
      <file href="webcontent/2-1-cours_webcontent.html" />
    </resource>
    <resource type="imsqti_xmlv1p2/imscc_xmlv1p1/assessment" href="auto-evaluation/2-2-quizz_auto-evaluation.xml" identifier="doc_1_1">
      <file href="auto-evaluation/2-2-quizz_auto-evaluation.xml" />
    </resource>
    <resource type="imsqti_xmlv1p2/imscc_xmlv1p1/assessment" href="auto-evaluation/2-3-quizz_auto-evaluation.xml" identifier="doc_1_2">
      <file href="auto-evaluation/2-3-quizz_auto-evaluation.xml" />
    </resource>
    <resource type="imsqti_xmlv1p2/imscc_xmlv1p1/assessment" href="devoirs/2-4-exercice-dapprofondissement_devoirs.xml" identifier="doc_1_3">
      <file href="devoirs/2-4-exercice-dapprofondissement_devoirs.xml" />
    </resource>
    <resource type="webcontent" href="correction/2-5-personnages-importants-correction_correction.html" identifier="doc_1_4">
      <file href="correction/2-5-personnages-importants-correction_correction.html" />
      <dependency identifierref="media_13" />
      <dependency identifierref="media_2" />
      <dependency identifierref="media_1" />
      <dependency identifierref="media_3" />
    </resource>
    <resource type="imsqti_xmlv1p2/imscc_xmlv1p1/assessment" href="devoirs/2-6-exercice-dapprofondissement_devoirs.xml" identifier="doc_1_5">
      <file href="devoirs/2-6-exercice-dapprofondissement_devoirs.xml" />
    </resource>
    <resource type="webcontent" href="correction/2-7-la-vitesse-des-ordinateurs-correction_correction.html" identifier="doc_1_6">
      <file href="correction/2-7-la-vitesse-des-ordinateurs-correction_correction.html" />
      <dependency identifierref="media_4" />
      <dependency identifierref="media_10" />
    </resource>
    <resource type="imsqti_xmlv1p2/imscc_xmlv1p1/assessment" href="devoirs/2-8-exercice-dapprofondissement_devoirs.xml" identifier="doc_1_7">
      <file href="devoirs/2-8-exercice-dapprofondissement_devoirs.xml" />
    </resource>
    <resource type="webcontent" href="correction/2-9-dou-vient-le-pc-correction_correction.html" identifier="doc_1_8">
      <file href="correction/2-9-dou-vient-le-pc-correction_correction.html" />
    </resource>
    <resource type="imsqti_xmlv1p2/imscc_xmlv1p1/assessment" href="devoirs/2-10-exercice-dapprofondissement_devoirs.xml" identifier="doc_1_9">
      <file href="devoirs/2-10-exercice-dapprofondissement_devoirs.xml" />
    </resource>
    <resource type="webcontent" href="correction/2-11-evolution-des-interfaces-homme-machine-correction_correction.html" identifier="doc_1_10">
      <file href="correction/2-11-evolution-des-interfaces-homme-machine-correction_correction.html" />
      <dependency identifierref="media_8" />
      <dependency identifierref="media_11" />
    </resource>
    <resource type="webcontent" href="webcontent/3-1-cours_webcontent.html" identifier="doc_2_0">
      <file href="webcontent/3-1-cours_webcontent.html" />
    </resource>
    <resource type="imsqti_xmlv1p2/imscc_xmlv1p1/assessment" href="auto-evaluation/3-2-quizz_auto-evaluation.xml" identifier="doc_2_1">
      <file href="auto-evaluation/3-2-quizz_auto-evaluation.xml" />
    </resource>
    <resource type="imsqti_xmlv1p2/imscc_xmlv1p1/assessment" href="devoirs/3-3-exercice-dapprofondissement_devoirs.xml" identifier="doc_2_2">
      <file href="devoirs/3-3-exercice-dapprofondissement_devoirs.xml" />
    </resource>
    <resource type="webcontent" href="correction/3-4-qui-a-invente-internet-correction_correction.html" identifier="doc_2_3">
      <file href="correction/3-4-qui-a-invente-internet-correction_correction.html" />
      <dependency identifierref="media_9" />
      <dependency identifierref="media_7" />
    </resource>
    <resource type="imsqti_xmlv1p2/imscc_xmlv1p1/assessment" href="devoirs/3-5-exercice-dapprofondissement_devoirs.xml" identifier="doc_2_4">
      <file href="devoirs/3-5-exercice-dapprofondissement_devoirs.xml" />
    </resource>
    <resource type="webcontent" href="correction/3-6-qui-a-acces-a-internet-correction_correction.html" identifier="doc_2_5">
      <file href="correction/3-6-qui-a-acces-a-internet-correction_correction.html" />
    </resource>
    <resource type="webcontent" href="webcontent/4-1-cours_webcontent.html" identifier="doc_3_0">
      <file href="webcontent/4-1-cours_webcontent.html" />
    </resource>
    <resource type="imsqti_xmlv1p2/imscc_xmlv1p1/assessment" href="auto-evaluation/4-2-quizz_auto-evaluation.xml" identifier="doc_3_1">
      <file href="auto-evaluation/4-2-quizz_auto-evaluation.xml" />
    </resource>
    <resource type="imsqti_xmlv1p2/imscc_xmlv1p1/assessment" href="devoirs/4-3-exercice-dapprofondissement_devoirs.xml" identifier="doc_3_2">
      <file href="devoirs/4-3-exercice-dapprofondissement_devoirs.xml" />
    </resource>
    <resource type="webcontent" href="correction/4-4-combien-y-a-t-il-dadresses-ip-correction_correction.html" identifier="doc_3_3">
      <file href="correction/4-4-combien-y-a-t-il-dadresses-ip-correction_correction.html" />
    </resource>
    <resource type="imsqti_xmlv1p2/imscc_xmlv1p1/assessment" href="devoirs/4-5-exercice-dapprofondissement_devoirs.xml" identifier="doc_3_4">
      <file href="devoirs/4-5-exercice-dapprofondissement_devoirs.xml" />
    </resource>
    <resource type="webcontent" href="correction/4-6-les-serveurs-de-noms-correction_correction.html" identifier="doc_3_5">
      <file href="correction/4-6-les-serveurs-de-noms-correction_correction.html" />
    </resource>
    <resource type="imsqti_xmlv1p2/imscc_xmlv1p1/assessment" href="devoirs/4-7-exercice-dapprofondissement_devoirs.xml" identifier="doc_3_6">
      <file href="devoirs/4-7-exercice-dapprofondissement_devoirs.xml" />
    </resource>
    <resource type="webcontent" href="webcontent/5-1-cours_webcontent.html" identifier="doc_4_0">
      <file href="webcontent/5-1-cours_webcontent.html" />
    </resource>
    <resource type="imsqti_xmlv1p2/imscc_xmlv1p1/assessment" href="auto-evaluation/5-2-quizz_auto-evaluation.xml" identifier="doc_4_1">
      <file href="auto-evaluation/5-2-quizz_auto-evaluation.xml" />
    </resource>
    <resource type="imsqti_xmlv1p2/imscc_xmlv1p1/assessment" href="devoirs/5-3-exercice-dapprofondissement_devoirs.xml" identifier="doc_4_2">
      <file href="devoirs/5-3-exercice-dapprofondissement_devoirs.xml" />
    </resource>
    <resource type="webcontent" href="correction/5-4-utiliser-les-serveurs-de-noms-correction_correction.html" identifier="doc_4_3">
      <file href="correction/5-4-utiliser-les-serveurs-de-noms-correction_correction.html" />
    </resource>
    <resource type="webcontent" href="webcontent/6-1-cours_webcontent.html" identifier="doc_5_0">
      <file href="webcontent/6-1-cours_webcontent.html" />
    </resource>
    <resource type="imsqti_xmlv1p2/imscc_xmlv1p1/assessment" href="auto-evaluation/6-2-quizz_auto-evaluation.xml" identifier="doc_5_1">
      <file href="auto-evaluation/6-2-quizz_auto-evaluation.xml" />
    </resource>
    <resource type="imsqti_xmlv1p2/imscc_xmlv1p1/assessment" href="devoirs/6-3-exercice-dapprofondissement_devoirs.xml" identifier="doc_5_2">
      <file href="devoirs/6-3-exercice-dapprofondissement_devoirs.xml" />
    </resource>
    <resource type="webcontent" href="correction/6-4-wifi-ou-donnees-mobiles-correction_correction.html" identifier="doc_5_3">
      <file href="correction/6-4-wifi-ou-donnees-mobiles-correction_correction.html" />
    </resource>
    <resource type="imsqti_xmlv1p2/imscc_xmlv1p1/assessment" href="devoirs/6-5-exercice-dapprofondissement_devoirs.xml" identifier="doc_5_4">
      <file href="devoirs/6-5-exercice-dapprofondissement_devoirs.xml" />
    </resource>
    <resource type="webcontent" href="webcontent/6-6-le-saviez-vous_webcontent.html" identifier="doc_5_5">
      <file href="webcontent/6-6-le-saviez-vous_webcontent.html" />
    </resource>
    <resource type="webcontent" href="webcontent/7-1-cours_webcontent.html" identifier="doc_6_0">
      <file href="webcontent/7-1-cours_webcontent.html" />
    </resource>
    <resource type="imsqti_xmlv1p2/imscc_xmlv1p1/assessment" href="auto-evaluation/7-2-quizz_auto-evaluation.xml" identifier="doc_6_1">
      <file href="auto-evaluation/7-2-quizz_auto-evaluation.xml" />
    </resource>
    <resource type="webcontent" href="webcontent/7-3-le-saviez-vous_webcontent.html" identifier="doc_6_2">
      <file href="webcontent/7-3-le-saviez-vous_webcontent.html" />
    </resource>
    <resource type="imsqti_xmlv1p2/imscc_xmlv1p1/assessment" href="auto-evaluation/7-4-quizz_auto-evaluation.xml" identifier="doc_6_3">
      <file href="auto-evaluation/7-4-quizz_auto-evaluation.xml" />
    </resource>
  </resources>
</manifest>