<?xml version="1.0" encoding="UTF-8"?>
<questestinterop xmlns="http://www.imsglobal.org/xsd/ims_qtiasiv1p2" xmlns:xsi="http://www.w3.org/2001/XMLSchema-instance" xsi:schemalocation="http://www.imsglobal.org/xsd/ims_qtiasiv1p2 http://www.imsglobal.org/profile/cc/ccv1p1/ccv1p1_qtiasiv1p2p1_v1p0.xsd">
  <assessment ident="QDB_3533B2D5" title="1.1.1 Quizz (3 questions)">
    <!--  Metadata  -->
    <qtimetadata>
      <qtimetadatafield>
        <fieldlabel>cc_profile</fieldlabel>
        <fieldentry>cc.exam.v0p1</fieldentry>
      </qtimetadatafield>
      <qtimetadatafield>
        <fieldlabel>qmd_assessmenttype</fieldlabel>
        <fieldentry>Examination</fieldentry>
      </qtimetadatafield>
      <qtimetadatafield>
        <fieldlabel>qmd_scoretype</fieldlabel>
        <fieldentry>Percentage</fieldentry>
      </qtimetadatafield>
      <qtimetadatafield>
        <fieldlabel>qmd_feedbackpermitted</fieldlabel>
        <fieldentry>Yes</fieldentry>
      </qtimetadatafield>
      <qtimetadatafield>
        <fieldlabel>qmd_hintspermitted</fieldlabel>
        <fieldentry>Yes</fieldentry>
      </qtimetadatafield>
      <qtimetadatafield>
        <fieldlabel>qmd_solutionspermitted</fieldlabel>
        <fieldentry>Yes</fieldentry>
      </qtimetadatafield>
      <qtimetadatafield>
        <fieldlabel>cc_maxattempts</fieldlabel>
        <fieldentry>1</fieldentry>
      </qtimetadatafield>
    </qtimetadata>
    <!-- Titre de l'execercice  -->
    <rubric>
      <material label="Summary">
        <mattext texttype="text/html"></mattext>
      </material>
    </rubric>
    <!--  Section 1 . -->
    <section ident="I_0DCD8E98">
      <!-- QUESTION 01  -->
      <item ident="I_223E6497" title="1.1.1. Quizz (Q1/3)">
        <!--  metatata  -->
        <itemmetadata>
          <qtimetadata>
            <qtimetadatafield>
              <fieldlabel>cc_profile</fieldlabel>
              <fieldentry>cc.multiple_choice.v0p1</fieldentry>
            </qtimetadatafield>
            <qtimetadatafield>
              <fieldlabel>cc_question_category</fieldlabel>
              <fieldentry>Quiz Bank '1.1.1 Quizz (3 questions)'</fieldentry>
            </qtimetadatafield>
          </qtimetadata>
        </itemmetadata>
        <!-- Contenu de la section -->
        <presentation>
          <!-- Enonc&#233;  -->
          <material>
            <mattext texttype="text/html">Pourquoi faut-il repr&#233;senter les textes, images, son, etc.&#160; par des nombres dans un ordinateur ?]]&gt;</mattext>
          </material>
          <!--  R&#233;ponses possibles -->
          <response_lid rcardinality="Single" ident="I_130EE218">
            <render_choice shuffle="No">
              <response_label ident="I_8DCF7AB6">
                <material>
                  <mattext texttype="text/html">C'est un choix industriel.]]&gt;</mattext>
                </material>
              </response_label>
              <response_label ident="I_2B351384">
                <material>
                  <mattext texttype="text/html">Les ordinateurs ont &#233;t&#233; invent&#233;s par des math&#233;maticiens.]]&gt;</mattext>
                </material>
              </response_label>
              <response_label ident="I_A6469B0F">
                <material>
                  <mattext texttype="text/html">Tout ordinateur est fondamentalement une machine qui calcule avec des nombres.]]&gt;</mattext>
                </material>
              </response_label>
            </render_choice>
          </response_lid>
        </presentation>
        <!-- Responses settings -->
        <resprocessing>
          <outcomes>
            <decvar varname="SCORE" vartype="Decimal" minvalue="0" maxvalue="100"></decvar>
          </outcomes>
          <respcondition title="General feedback" continue="Yes">
            <conditionvar>
              <other></other>
            </conditionvar>
            <displayfeedback feedbacktype="Response" linkrefid="general_fb"></displayfeedback>
          </respcondition>
          <respcondition title="Correct" continue="No">
            <conditionvar>
              <varequal respident="I_130EE218">I_A6469B0F</varequal>
            </conditionvar>
            <setvar varname="SCORE" action="https://ged.univ-lille3.fr/nuxeo/site/dav/EspacePublicWWW/Set">100</setvar>
            <displayfeedback feedbacktype="Response" linkrefid="I_A6469B0F_fb"></displayfeedback>
          </respcondition>
          <respcondition continue="No">
            <conditionvar>
              <varequal respident="I_130EE218">I_8DCF7AB6</varequal>
            </conditionvar>
            <setvar varname="SCORE" action="https://ged.univ-lille3.fr/nuxeo/site/dav/EspacePublicWWW/Set">0</setvar>
            <displayfeedback feedbacktype="Response" linkrefid="I_8DCF7AB6_fb"></displayfeedback>
          </respcondition>
          <respcondition continue="No">
            <conditionvar>
              <varequal respident="I_130EE218">I_2B351384</varequal>
            </conditionvar>
            <setvar varname="SCORE" action="https://ged.univ-lille3.fr/nuxeo/site/dav/EspacePublicWWW/Set">0</setvar>
            <displayfeedback feedbacktype="Response" linkrefid="I_2B351384_fb"></displayfeedback>
          </respcondition>
        </resprocessing>
        <!-- Feedbacks correspondant &#224; chaque r&#233;ponse possible -->
        <itemfeedback ident="I_8DCF7AB6_fb">
          <flow_mat>
            <material>
              <mattext texttype="text/html">Non, les industriels n'avaient pas le choix. <p>Votre r&#233;ponse est incorrecte.</p> ]]&gt;</mattext>
            </material>
          </flow_mat>
        </itemfeedback>
        <itemfeedback ident="I_2B351384_fb">
          <flow_mat>
            <material>
              <mattext texttype="text/html">Non, les math&#233;maticiens savent manipuler autre-chose que des nombres, et les ordinateurs sont le fruit de l'interaction entre de nombreuses sciences. <p>Votre r&#233;ponse est incorrecte.</p> ]]&gt;</mattext>
            </material>
          </flow_mat>
        </itemfeedback>
        <itemfeedback ident="I_A6469B0F_fb">
          <flow_mat>
            <material>
              <mattext texttype="text/html">Oui, comme un ordinateur ne manipule que des nombres, tout doit &#234;tre repr&#233;sent&#233; sous forme de nombres pour qu'un ordinateur puisse le manipuler. <p>Votre r&#233;ponse est correcte.</p> ]]&gt;</mattext>
            </material>
          </flow_mat>
        </itemfeedback>
        <itemfeedback ident="general_fb">
          <flow_mat>
            <material>
              <mattext texttype="text/html">Un ordinateur ne manipule que des nombres, tout doit donc &#234;tre repr&#233;sent&#233; sous forme de nombres pour qu'il puisse le manipuler. ]]&gt;</mattext>
            </material>
          </flow_mat>
        </itemfeedback>
      </item>
      <!-- END OF QUESTION 01  -->
      <!-- QUESTION 02  -->
      <item ident="I_C50B48C4" title="1.1.1 Quizz (Q2/3)">
        <!-- Questions metadata  -->
        <itemmetadata>
          <qtimetadata>
            <qtimetadatafield>
              <fieldlabel>cc_profile</fieldlabel>
              <fieldentry>cc.multiple_choice.v0p1</fieldentry>
            </qtimetadatafield>
            <qtimetadatafield>
              <fieldlabel>cc_question_category</fieldlabel>
              <fieldentry>Quiz Bank '1.1.1 Quizz (3 questions)'</fieldentry>
            </qtimetadatafield>
          </qtimetadata>
        </itemmetadata>
        <!-- Question presentation -->
        <presentation>
          <material>
            <mattext texttype="text/html">Que signifie "<em>num&#233;risation</em>" ?]]&gt;</mattext>
          </material>
          <response_lid rcardinality="Single" ident="I_B32B1CC7">
            <render_choice shuffle="No">
              <response_label ident="I_E3A17C8E">
                <material>
                  <mattext texttype="text/html">L&#8217;op&#233;ration qui consiste &#224; repr&#233;senter sous forme de nombres une information quelle qu&#8217;elle soit.]]&gt;</mattext>
                </material>
              </response_label>
              <response_label ident="I_2093A018">
                <material>
                  <mattext texttype="text/html">L&#8217;op&#233;ration qui consiste &#224; citer tous les nombres (1, 2, 3, 4, &#8230;.).]]&gt;</mattext>
                </material>
              </response_label>
            </render_choice>
          </response_lid>
        </presentation>
        <!-- Responses settings -->
        <resprocessing>
          <outcomes>
            <decvar varname="SCORE" vartype="Decimal" minvalue="0" maxvalue="100"></decvar>
          </outcomes>

          <respcondition title="General feedback" continue="Yes">
            <conditionvar>
              <other></other>
            </conditionvar>
            <displayfeedback feedbacktype="Response" linkrefid="general_fb"></displayfeedback>
          </respcondition>

          <respcondition title="Correct" continue="No">
            <conditionvar>
              <varequal respident="I_B32B1CC7">I_E3A17C8E</varequal>
            </conditionvar>
            <setvar varname="SCORE" action="https://ged.univ-lille3.fr/nuxeo/site/dav/EspacePublicWWW/Set">100</setvar>
            <displayfeedback feedbacktype="Response" linkrefid="I_E3A17C8E_fb"></displayfeedback>
          </respcondition>

          <respcondition continue="No">
            <conditionvar>
              <varequal respident="I_B32B1CC7">I_2093A018</varequal>
            </conditionvar>
            <setvar varname="SCORE" action="https://ged.univ-lille3.fr/nuxeo/site/dav/EspacePublicWWW/Set">0</setvar>
            <displayfeedback feedbacktype="Response" linkrefid="I_2093A018_fb"></displayfeedback>
          </respcondition>
        </resprocessing>
        <!-- feedback -->
        <itemfeedback ident="I_E3A17C8E_fb">
          <flow_mat>
            <material>
              <mattext texttype="text/html">Oui ! <p>Votre r&#233;ponse est correcte.</p> ]]&gt;</mattext>
            </material>
          </flow_mat>
        </itemfeedback>
        <itemfeedback ident="I_2093A018_fb">
          <flow_mat>
            <material>
              <mattext texttype="text/html">Non, citer tous les nombres c&#8217;est compter... <p>Votre r&#233;ponse est incorrecte.</p> ]]&gt;</mattext>
            </material>
          </flow_mat>
        </itemfeedback>
        <itemfeedback ident="general_fb">
          <flow_mat>
            <material>
              <mattext texttype="text/html">La num&#233;risation est l&#8217;op&#233;ration qui consiste &#224; repr&#233;senter sous forme de nombres une information, quelle qu&#8217;elle soit. ]]&gt;</mattext>
            </material>
          </flow_mat>
        </itemfeedback>
      </item>
      <!-- END OF QUESTION 02  -->
    </section>
    <!-- END OF SECTION   -->
  </assessment>
</questestinterop>
