<?xml version="1.0" encoding="UTF-8"?>
<manifest xmlns="http://www.imsglobal.org/xsd/imsccv1p1/imscp_v1p1" xmlns:lomimscc="http://ltsc.ieee.org/xsd/imsccv1p1/LOM/manifest" xmlns:lom="http://ltsc.ieee.org/xsd/imsccv1p1/LOM/resource" xmlns:xsi="http://www.w3.org/2001/XMLSchema-instance" identifier="M_3E1AEC6D" xsi:schemaLocation="http://www.imsglobal.org/xsd/imsccv1p1/imscp_v1p1 http://www.imsglobal.org/profile/cc/ccv1p1/ccv1p1_imscp_v1p2_v1p0.xsd http://ltsc.ieee.org/xsd/imsccv1p1/LOM/manifest http://www.imsglobal.org/profile/cc/ccv1p1/LOM/ccv1p1_lommanifest_v1p0.xsd http://ltsc.ieee.org/xsd/imsccv1p1/LOM/resource http://www.imsglobal.org/profile/cc/ccv1p1/LOM/ccv1p1_lomresource_v1p0.xsd">
  <metadata>
    <schema>IMS Common Cartridge</schema>
    <schemaversion>1.1.0</schemaversion>
    <lomimscc:lom>
      <lomimscc:general>
        <lomimscc:title>
          <lomimscc:string language="FR">Représentation numérique de l'information : les documents</lomimscc:string>
        </lomimscc:title>
        <lomimscc:language>FR</lomimscc:language>
        <lomimscc:description>
          <lomimscc:string language="FR" />
        </lomimscc:description>
        <lomimscc:identifier>
          <lomimscc:catalog>category</lomimscc:catalog>
          <lomimscc:entry>Divers</lomimscc:entry>
        </lomimscc:identifier>
      </lomimscc:general>
    </lomimscc:lom>
  </metadata>
  <organizations>
    <organization identifier="organization0" structure="rooted-hierarchy">
      <item identifier="root">
        <item identifier="sec_0">
          <title>0</title>
          <item identifierref="doc_0_0" identifier="subsec_0_0">
            <title>1.1 Cours</title>
          </item>
          <item identifierref="doc_0_1" identifier="subsec_0_1">
            <title>1.2 Quizz</title>
          </item>
          <item identifierref="doc_0_2" identifier="subsec_0_2">
            <title>1.3 Exercice d'approfondissement</title>
          </item>
        </item>
        <item identifier="sec_1">
          <title>1</title>
          <item identifierref="doc_1_0" identifier="subsec_1_0">
            <title>2.1 Introduction</title>
          </item>
          <item identifierref="doc_1_1" identifier="subsec_1_1">
            <title>2.2 Quizz</title>
          </item>
          <item identifierref="doc_1_2" identifier="subsec_1_2">
            <title>2.3 Le contenu, une vue séquentielle</title>
          </item>
          <item identifierref="doc_1_3" identifier="subsec_1_3">
            <title>2.4 Quizz</title>
          </item>
          <item identifierref="doc_1_4" identifier="subsec_1_4">
            <title>2.5 La structure, une vue arborescente</title>
          </item>
          <item identifierref="doc_1_5" identifier="subsec_1_5">
            <title>2.6 Quizz</title>
          </item>
          <item identifierref="doc_1_6" identifier="subsec_1_6">
            <title>2.7 Exercice d'approfondissement</title>
          </item>
          <item identifierref="doc_1_7" identifier="subsec_1_7">
            <title>2.8 Les méta-donnnées, une vue qualifiée</title>
          </item>
          <item identifierref="doc_1_8" identifier="subsec_1_8">
            <title>2.9 Quizz</title>
          </item>
          <item identifierref="doc_1_9" identifier="subsec_1_9">
            <title>2.10 Quizz</title>
          </item>
          <item identifierref="doc_1_10" identifier="subsec_1_10">
            <title>2.11 La présentation, une vue pas uniquement graphique</title>
          </item>
          <item identifierref="doc_1_11" identifier="subsec_1_11">
            <title>2.12 Un point d'étape </title>
          </item>
        </item>
        <item identifier="sec_2">
          <title>2</title>
          <item identifierref="doc_2_0" identifier="subsec_2_0">
            <title>3.1 Cours</title>
          </item>
          <item identifierref="doc_2_1" identifier="subsec_2_1">
            <title>3.2 Différents formats pour différents usages</title>
          </item>
          <item identifierref="doc_2_2" identifier="subsec_2_2">
            <title>3.3 Formats et logiciels</title>
          </item>
          <item identifierref="doc_2_3" identifier="subsec_2_3">
            <title>3.4 Ouvert ou propriétaire</title>
          </item>
          <item identifierref="doc_2_4" identifier="subsec_2_4">
            <title>3.5 Quizz</title>
          </item>
          <item identifierref="doc_2_5" identifier="subsec_2_5">
            <title>3.6 Une minute citoyenne</title>
          </item>
        </item>
        <item identifier="sec_3">
          <title>3</title>
          <item identifierref="doc_3_0" identifier="subsec_3_0">
            <title>4.1 Cours</title>
          </item>
          <item identifierref="doc_3_1" identifier="subsec_3_1">
            <title>4.2 Représentation numérique des caractères</title>
          </item>
          <item identifierref="doc_3_2" identifier="subsec_3_2">
            <title>4.3 Quizz</title>
          </item>
          <item identifierref="doc_3_3" identifier="subsec_3_3">
            <title>4.4 Textes "simples"</title>
          </item>
          <item identifierref="doc_3_4" identifier="subsec_3_4">
            <title>4.5 Des langages et des logiciels</title>
          </item>
          <item identifierref="doc_3_5" identifier="subsec_3_5">
            <title>4.6 Textes structurés pour décrire des documents textuels</title>
          </item>
          <item identifierref="doc_3_6" identifier="subsec_3_6">
            <title>4.7 Quizz</title>
          </item>
          <item identifierref="doc_3_7" identifier="subsec_3_7">
            <title>4.8 Traitement de textes</title>
          </item>
          <item identifierref="doc_3_8" identifier="subsec_3_8">
            <title>4.9 Quizz</title>
          </item>
        </item>
        <item identifier="sec_4">
          <title>4</title>
          <item identifierref="doc_4_0" identifier="subsec_4_0">
            <title>5.1 Cours</title>
          </item>
          <item identifierref="doc_4_1" identifier="subsec_4_1">
            <title>5.2 Quizz</title>
          </item>
          <item identifierref="doc_4_2" identifier="subsec_4_2">
            <title>5.3 Cours</title>
          </item>
        </item>
        <item identifier="sec_5">
          <title>5</title>
          <item identifierref="doc_5_0" identifier="subsec_5_0">
            <title>6.1 Cours</title>
          </item>
          <item identifierref="doc_5_1" identifier="subsec_5_1">
            <title>6.2 les images vectorielles</title>
          </item>
          <item identifierref="doc_5_2" identifier="subsec_5_2">
            <title>6.3 Quizz</title>
          </item>
          <item identifierref="doc_5_3" identifier="subsec_5_3">
            <title>6.4 Cours</title>
          </item>
          <item identifierref="doc_5_4" identifier="subsec_5_4">
            <title>6.5 Exercice d'approfondissement</title>
          </item>
          <item identifierref="doc_5_5" identifier="subsec_5_5">
            <title>6.6 les images matricielles</title>
          </item>
        </item>
        <item identifier="sec_6">
          <title>6</title>
          <item identifierref="doc_6_0" identifier="subsec_6_0">
            <title>7.1 Cours</title>
          </item>
        </item>
      </item>
    </organization>
  </organizations>
  <resources>
    <!-- Media -->
    <!-- Webcontent -->
    <resource href="webcontent/1-1-cours_webcontent.html" identifier="doc_0_0" type="webcontent">
      <file href="webcontent/1-1-cours_webcontent.html" />
    </resource>
    <resource href="auto-evaluation/1-2-quizz_auto-evaluation.xml" identifier="doc_0_1" type="imsqti_xmlv1p2/imscc_xmlv1p1/assessment">
      <file href="auto-evaluation/1-2-quizz_auto-evaluation.xml" />
    </resource>
    <resource href="devoirs/1-3-exercice-dapprofondissement_devoirs.xml" identifier="doc_0_2" type="imsqti_xmlv1p2/imscc_xmlv1p1/assessment">
      <file href="devoirs/1-3-exercice-dapprofondissement_devoirs.xml" />
    </resource>
    <resource href="webcontent/2-1-introduction_webcontent.html" identifier="doc_1_0" type="webcontent">
      <file href="webcontent/2-1-introduction_webcontent.html" />
    </resource>
    <resource href="auto-evaluation/2-2-quizz_auto-evaluation.xml" identifier="doc_1_1" type="imsqti_xmlv1p2/imscc_xmlv1p1/assessment">
      <file href="auto-evaluation/2-2-quizz_auto-evaluation.xml" />
    </resource>
    <resource href="webcontent/2-3-le-contenu-une-vue-sequentielle_webcontent.html" identifier="doc_1_2" type="webcontent">
      <file href="webcontent/2-3-le-contenu-une-vue-sequentielle_webcontent.html" />
    </resource>
    <resource href="auto-evaluation/2-4-quizz_auto-evaluation.xml" identifier="doc_1_3" type="imsqti_xmlv1p2/imscc_xmlv1p1/assessment">
      <file href="auto-evaluation/2-4-quizz_auto-evaluation.xml" />
    </resource>
    <resource href="webcontent/2-5-la-structure-une-vue-arborescente_webcontent.html" identifier="doc_1_4" type="webcontent">
      <file href="webcontent/2-5-la-structure-une-vue-arborescente_webcontent.html" />
    </resource>
    <resource href="auto-evaluation/2-6-quizz_auto-evaluation.xml" identifier="doc_1_5" type="imsqti_xmlv1p2/imscc_xmlv1p1/assessment">
      <file href="auto-evaluation/2-6-quizz_auto-evaluation.xml" />
    </resource>
    <resource href="devoirs/2-7-exercice-dapprofondissement_devoirs.xml" identifier="doc_1_6" type="imsqti_xmlv1p2/imscc_xmlv1p1/assessment">
      <file href="devoirs/2-7-exercice-dapprofondissement_devoirs.xml" />
    </resource>
    <resource href="webcontent/2-8-les-meta-donnnees-une-vue-qualifiee_webcontent.html" identifier="doc_1_7" type="webcontent">
      <file href="webcontent/2-8-les-meta-donnnees-une-vue-qualifiee_webcontent.html" />
    </resource>
    <resource href="auto-evaluation/2-9-quizz_auto-evaluation.xml" identifier="doc_1_8" type="imsqti_xmlv1p2/imscc_xmlv1p1/assessment">
      <file href="auto-evaluation/2-9-quizz_auto-evaluation.xml" />
    </resource>
    <resource href="auto-evaluation/2-10-quizz_auto-evaluation.xml" identifier="doc_1_9" type="imsqti_xmlv1p2/imscc_xmlv1p1/assessment">
      <file href="auto-evaluation/2-10-quizz_auto-evaluation.xml" />
    </resource>
    <resource href="webcontent/2-11-la-presentation-une-vue-pas-uniquement-graphique_webcontent.html" identifier="doc_1_10" type="webcontent">
      <file href="webcontent/2-11-la-presentation-une-vue-pas-uniquement-graphique_webcontent.html" />
    </resource>
    <resource href="webcontent/2-12-un-point-detape_webcontent.html" identifier="doc_1_11" type="webcontent">
      <file href="webcontent/2-12-un-point-detape_webcontent.html" />
    </resource>
    <resource href="webcontent/3-1-cours_webcontent.html" identifier="doc_2_0" type="webcontent">
      <file href="webcontent/3-1-cours_webcontent.html" />
    </resource>
    <resource href="webcontent/3-2-differents-formats-pour-differents-usages_webcontent.html" identifier="doc_2_1" type="webcontent">
      <file href="webcontent/3-2-differents-formats-pour-differents-usages_webcontent.html" />
    </resource>
    <resource href="webcontent/3-3-formats-et-logiciels_webcontent.html" identifier="doc_2_2" type="webcontent">
      <file href="webcontent/3-3-formats-et-logiciels_webcontent.html" />
    </resource>
    <resource href="webcontent/3-4-ouvert-ou-proprietaire_webcontent.html" identifier="doc_2_3" type="webcontent">
      <file href="webcontent/3-4-ouvert-ou-proprietaire_webcontent.html" />
    </resource>
    <resource href="auto-evaluation/3-5-quizz_auto-evaluation.xml" identifier="doc_2_4" type="imsqti_xmlv1p2/imscc_xmlv1p1/assessment">
      <file href="auto-evaluation/3-5-quizz_auto-evaluation.xml" />
    </resource>
    <resource href="webcontent/3-6-une-minute-citoyenne_webcontent.html" identifier="doc_2_5" type="webcontent">
      <file href="webcontent/3-6-une-minute-citoyenne_webcontent.html" />
    </resource>
    <resource href="webcontent/4-1-cours_webcontent.html" identifier="doc_3_0" type="webcontent">
      <file href="webcontent/4-1-cours_webcontent.html" />
    </resource>
    <resource href="webcontent/4-2-representation-numerique-des-caracteres_webcontent.html" identifier="doc_3_1" type="webcontent">
      <file href="webcontent/4-2-representation-numerique-des-caracteres_webcontent.html" />
    </resource>
    <resource href="auto-evaluation/4-3-quizz_auto-evaluation.xml" identifier="doc_3_2" type="imsqti_xmlv1p2/imscc_xmlv1p1/assessment">
      <file href="auto-evaluation/4-3-quizz_auto-evaluation.xml" />
    </resource>
    <resource href="webcontent/4-4-textes-simples_webcontent.html" identifier="doc_3_3" type="webcontent">
      <file href="webcontent/4-4-textes-simples_webcontent.html" />
    </resource>
    <resource href="webcontent/4-5-des-langages-et-des-logiciels_webcontent.html" identifier="doc_3_4" type="webcontent">
      <file href="webcontent/4-5-des-langages-et-des-logiciels_webcontent.html" />
    </resource>
    <resource href="webcontent/4-6-textes-structures-pour-decrire-des-documents-textuels_webcontent.html" identifier="doc_3_5" type="webcontent">
      <file href="webcontent/4-6-textes-structures-pour-decrire-des-documents-textuels_webcontent.html" />
    </resource>
    <resource href="auto-evaluation/4-7-quizz_auto-evaluation.xml" identifier="doc_3_6" type="imsqti_xmlv1p2/imscc_xmlv1p1/assessment">
      <file href="auto-evaluation/4-7-quizz_auto-evaluation.xml" />
    </resource>
    <resource href="webcontent/4-8-traitement-de-textes_webcontent.html" identifier="doc_3_7" type="webcontent">
      <file href="webcontent/4-8-traitement-de-textes_webcontent.html" />
    </resource>
    <resource href="auto-evaluation/4-9-quizz_auto-evaluation.xml" identifier="doc_3_8" type="imsqti_xmlv1p2/imscc_xmlv1p1/assessment">
      <file href="auto-evaluation/4-9-quizz_auto-evaluation.xml" />
    </resource>
    <resource href="webcontent/5-1-cours_webcontent.html" identifier="doc_4_0" type="webcontent">
      <file href="webcontent/5-1-cours_webcontent.html" />
    </resource>
    <resource href="auto-evaluation/5-2-quizz_auto-evaluation.xml" identifier="doc_4_1" type="imsqti_xmlv1p2/imscc_xmlv1p1/assessment">
      <file href="auto-evaluation/5-2-quizz_auto-evaluation.xml" />
    </resource>
    <resource href="webcontent/5-3-cours_webcontent.html" identifier="doc_4_2" type="webcontent">
      <file href="webcontent/5-3-cours_webcontent.html" />
    </resource>
    <resource href="webcontent/6-1-cours_webcontent.html" identifier="doc_5_0" type="webcontent">
      <file href="webcontent/6-1-cours_webcontent.html" />
    </resource>
    <resource href="webcontent/6-2-les-images-vectorielles_webcontent.html" identifier="doc_5_1" type="webcontent">
      <file href="webcontent/6-2-les-images-vectorielles_webcontent.html" />
    </resource>
    <resource href="auto-evaluation/6-3-quizz_auto-evaluation.xml" identifier="doc_5_2" type="imsqti_xmlv1p2/imscc_xmlv1p1/assessment">
      <file href="auto-evaluation/6-3-quizz_auto-evaluation.xml" />
    </resource>
    <resource href="webcontent/6-4-cours_webcontent.html" identifier="doc_5_3" type="webcontent">
      <file href="webcontent/6-4-cours_webcontent.html" />
    </resource>
    <resource href="devoirs/6-5-exercice-dapprofondissement_devoirs.xml" identifier="doc_5_4" type="imsqti_xmlv1p2/imscc_xmlv1p1/assessment">
      <file href="devoirs/6-5-exercice-dapprofondissement_devoirs.xml" />
    </resource>
    <resource href="webcontent/6-6-les-images-matricielles_webcontent.html" identifier="doc_5_5" type="webcontent">
      <file href="webcontent/6-6-les-images-matricielles_webcontent.html" />
    </resource>
    <resource href="webcontent/7-1-cours_webcontent.html" identifier="doc_6_0" type="webcontent">
      <file href="webcontent/7-1-cours_webcontent.html" />
    </resource>
  </resources>
</manifest>