<?xml version="1.0" encoding="UTF-8"?>
<manifest xmlns="http://www.imsglobal.org/xsd/imsccv1p1/imscp_v1p1" xmlns:lomimscc="http://ltsc.ieee.org/xsd/imsccv1p1/LOM/manifest" xmlns:lom="http://ltsc.ieee.org/xsd/imsccv1p1/LOM/resource" xmlns:xsi="http://www.w3.org/2001/XMLSchema-instance" identifier="M_3E1AEC6D" xsi:schemaLocation="http://www.imsglobal.org/xsd/imsccv1p1/imscp_v1p1 http://www.imsglobal.org/profile/cc/ccv1p1/ccv1p1_imscp_v1p2_v1p0.xsd http://ltsc.ieee.org/xsd/imsccv1p1/LOM/manifest http://www.imsglobal.org/profile/cc/ccv1p1/LOM/ccv1p1_lommanifest_v1p0.xsd http://ltsc.ieee.org/xsd/imsccv1p1/LOM/resource http://www.imsglobal.org/profile/cc/ccv1p1/LOM/ccv1p1_lomresource_v1p0.xsd">
  <metadata>
    <schema>IMS Common Cartridge</schema>
    <schemaversion>1.1.0</schemaversion>
    <lomimscc:lom>
      <lomimscc:general>
        <lomimscc:title>
          <lomimscc:string language="fr">Le Web</lomimscc:string>
        </lomimscc:title>
        <lomimscc:language>fr</lomimscc:language>
        <lomimscc:description>
          <lomimscc:string language="fr" />
        </lomimscc:description>
        <lomimscc:identifier>
          <lomimscc:catalog>category</lomimscc:catalog>
          <lomimscc:entry>Divers</lomimscc:entry>
        </lomimscc:identifier>
      </lomimscc:general>
    </lomimscc:lom>
  </metadata>
  <organizations>
    <organization structure="rooted-hierarchy" identifier="organization0">
      <item identifier="root">
        <item identifier="section_generalites">
          <title></title>
        </item>
        <item identifier="sec_0">
          <title>1 Introduction</title>
          <item identifierref="doc_0_0" identifier="subsec_0_0">
            <title>1.1 Cours 1/2</title>
          </item>
          <item identifierref="doc_0_1" identifier="subsec_0_1">
            <title>1.2 Cours 2/2</title>
          </item>
          <item identifierref="doc_0_2" identifier="subsec_0_2">
            <title>1.3 Quizz</title>
          </item>
          <item identifierref="doc_0_3" identifier="subsec_0_3">
            <title>1.4 Exercice d'approfondissement</title>
          </item>
          <item identifierref="doc_0_4" identifier="subsec_0_4">
            <title>1.5 Exercice d'approfondissement</title>
          </item>
        </item>
        <item identifier="sec_1">
          <title>2 Clients et serveurs</title>
          <item identifierref="doc_1_0" identifier="subsec_1_0">
            <title>2.1 Le modèle client/serveur</title>
          </item>
          <item identifierref="doc_1_1" identifier="subsec_1_1">
            <title>2.2 Les clients</title>
          </item>
          <item identifierref="doc_1_2" identifier="subsec_1_2">
            <title>2.3 Les serveurs</title>
          </item>
          <item identifierref="doc_1_3" identifier="subsec_1_3">
            <title>2.4 Quizz</title>
          </item>
        </item>
        <item identifier="sec_2">
          <title>3 Exemple et récapitulatif</title>
          <item identifierref="doc_2_0" identifier="subsec_2_0">
            <title>3.1 Cours</title>
          </item>
          <item identifierref="doc_2_1" identifier="subsec_2_1">
            <title>3.2 Quizz</title>
          </item>
        </item>
        <item identifier="sec_3">
          <title>4 HTML</title>
          <item identifierref="doc_3_0" identifier="subsec_3_0">
            <title>4.1 HTML: contenu, structure, liens</title>
          </item>
          <item identifierref="doc_3_1" identifier="subsec_3_1">
            <title>4.2 Rassembler les ressources</title>
          </item>
          <item identifierref="doc_3_2" identifier="subsec_3_2">
            <title>4.3 Mise en forme</title>
          </item>
          <item identifierref="doc_3_3" identifier="subsec_3_3">
            <title>4.4 Quizz</title>
          </item>
          <item identifierref="doc_3_4" identifier="subsec_3_4">
            <title>4.5 Exercice d'approfondissement</title>
          </item>
        </item>
        <item identifier="sec_4">
          <title>5 Les Cookies</title>
          <item identifierref="doc_4_0" identifier="subsec_4_0">
            <title>5.1 Cours</title>
          </item>
          <item identifierref="doc_4_1" identifier="subsec_4_1">
            <title>5.2 Quizz</title>
          </item>
          <item identifierref="doc_4_2" identifier="subsec_4_2">
            <title>5.3 Exercice d'approfondissement</title>
          </item>
          <item identifierref="doc_4_3" identifier="subsec_4_3">
            <title>5.4 La messagerie électronique et les cookies</title>
          </item>
          <item identifierref="doc_4_4" identifier="subsec_4_4">
            <title>5.5 Quizz</title>
          </item>
        </item>
        <item identifier="sec_5">
          <title>6 Profils et réseaux sociaux</title>
          <item identifierref="doc_5_0" identifier="subsec_5_0">
            <title>6.1 Cours</title>
          </item>
          <item identifierref="doc_5_1" identifier="subsec_5_1">
            <title>6.2 Quizz</title>
          </item>
          <item identifierref="doc_5_2" identifier="subsec_5_2">
            <title>6.3 Exercice d'approfondissement</title>
          </item>
          <item identifierref="doc_5_3" identifier="subsec_5_3">
            <title>6.4 Exercice d'approfondissement</title>
          </item>
        </item>
        <item identifier="sec_6">
          <title>7 Moteurs de recherche</title>
          <item identifierref="doc_6_0" identifier="subsec_6_0">
            <title>7.1 Cours</title>
          </item>
          <item identifierref="doc_6_1" identifier="subsec_6_1">
            <title>7.2 Quizz</title>
          </item>
          <item identifierref="doc_6_2" identifier="subsec_6_2">
            <title>7.3 Exercice d'approfondissement</title>
          </item>
          <item identifierref="doc_6_3" identifier="subsec_6_3">
            <title>7.4 Exercice d'approfondissement</title>
          </item>
          <item identifierref="doc_6_4" identifier="subsec_6_4">
            <title>7.5 Exercice d'approfondissement</title>
          </item>
        </item>
        <item identifier="sec_7">
          <title>8 Autres informations sensibles et bilan</title>
          <item identifierref="doc_7_0" identifier="subsec_7_0">
            <title>8.1 Autres informations</title>
          </item>
          <item identifierref="doc_7_1" identifier="subsec_7_1">
            <title>8.2 Bilan: du pour, du contre</title>
          </item>
          <item identifierref="doc_7_2" identifier="subsec_7_2">
            <title>8.3 Quizz</title>
          </item>
          <item identifierref="doc_7_3" identifier="subsec_7_3">
            <title>8.4 Exercice d'approfondissement</title>
          </item>
          <item identifierref="doc_7_4" identifier="subsec_7_4">
            <title>8.5 Exercice d'approfondissement</title>
          </item>
        </item>
      </item>
    </organization>
  </organizations>
  <resources>
    <!-- Media -->
    <resource href="media/possibilité_1.png" type="webcontent" identifier="media_0">
      <file href="media/possibilité_1.png" />
    </resource>
    <resource href="media/profils.pdf" type="webcontent" identifier="media_1">
      <file href="media/profils.pdf" />
    </resource>
    <resource href="media/achevement01_corr.png" type="webcontent" identifier="media_2">
      <file href="media/achevement01_corr.png" />
    </resource>
    <resource href="media/achevement03.png" type="webcontent" identifier="media_3">
      <file href="media/achevement03.png" />
    </resource>
    <resource href="media/possibilité_2.png" type="webcontent" identifier="media_4">
      <file href="media/possibilité_2.png" />
    </resource>
    <resource href="media/moteurrecherche.pdf" type="webcontent" identifier="media_5">
      <file href="media/moteurrecherche.pdf" />
    </resource>
    <resource href="media/7.1.moteurRecherche.pdf" type="webcontent" identifier="media_6">
      <file href="media/7.1.moteurRecherche.pdf" />
    </resource>
    <resource href="media/achevement03-corr.png" type="webcontent" identifier="media_7">
      <file href="media/achevement03-corr.png" />
    </resource>
    <resource href="media/achevement01.png" type="webcontent" identifier="media_8">
      <file href="media/achevement01.png" />
    </resource>
    <resource href="media/mailWeb.pdf" type="webcontent" identifier="media_9">
      <file href="media/mailWeb.pdf" />
    </resource>
    <resource href="media/cn_mode_emploi_2015-2016_s3.pdf" type="webcontent" identifier="media_10">
      <file href="media/cn_mode_emploi_2015-2016_s3.pdf" />
    </resource>
    <resource href="media/illu_1.jpg" type="webcontent" identifier="media_11">
      <file href="media/illu_1.jpg" />
    </resource>
    <!-- Webcontent -->
    <resource href="webcontent/1-1-cours-1-2_webcontent.html" type="webcontent" identifier="doc_0_0">
      <file href="webcontent/1-1-cours-1-2_webcontent.html" />
    </resource>
    <resource href="webcontent/1-2-cours-2-2_webcontent.html" type="webcontent" identifier="doc_0_1">
      <file href="webcontent/1-2-cours-2-2_webcontent.html" />
    </resource>
    <resource href="auto-evaluation/1-3-quizz_auto-evaluation.xml" type="imsqti_xmlv1p2/imscc_xmlv1p1/assessment" identifier="doc_0_2">
      <file href="auto-evaluation/1-3-quizz_auto-evaluation.xml" />
    </resource>
    <resource href="devoirs/1-4-exercice-dapprofondissement_devoirs.xml" type="imsqti_xmlv1p2/imscc_xmlv1p1/assessment" identifier="doc_0_3">
      <file href="devoirs/1-4-exercice-dapprofondissement_devoirs.xml" />
    </resource>
    <resource href="devoirs/1-5-exercice-dapprofondissement_devoirs.xml" type="imsqti_xmlv1p2/imscc_xmlv1p1/assessment" identifier="doc_0_4">
      <file href="devoirs/1-5-exercice-dapprofondissement_devoirs.xml" />
    </resource>
    <resource href="webcontent/2-1-le-modele-client-serveur_webcontent.html" type="webcontent" identifier="doc_1_0">
      <file href="webcontent/2-1-le-modele-client-serveur_webcontent.html" />
    </resource>
    <resource href="webcontent/2-2-les-clients_webcontent.html" type="webcontent" identifier="doc_1_1">
      <file href="webcontent/2-2-les-clients_webcontent.html" />
    </resource>
    <resource href="webcontent/2-3-les-serveurs_webcontent.html" type="webcontent" identifier="doc_1_2">
      <file href="webcontent/2-3-les-serveurs_webcontent.html" />
    </resource>
    <resource href="auto-evaluation/2-4-quizz_auto-evaluation.xml" type="imsqti_xmlv1p2/imscc_xmlv1p1/assessment" identifier="doc_1_3">
      <file href="auto-evaluation/2-4-quizz_auto-evaluation.xml" />
    </resource>
    <resource href="webcontent/3-1-cours_webcontent.html" type="webcontent" identifier="doc_2_0">
      <file href="webcontent/3-1-cours_webcontent.html" />
    </resource>
    <resource href="auto-evaluation/3-2-quizz_auto-evaluation.xml" type="imsqti_xmlv1p2/imscc_xmlv1p1/assessment" identifier="doc_2_1">
      <file href="auto-evaluation/3-2-quizz_auto-evaluation.xml" />
    </resource>
    <resource href="webcontent/4-1-html-contenu-structure-liens_webcontent.html" type="webcontent" identifier="doc_3_0">
      <file href="webcontent/4-1-html-contenu-structure-liens_webcontent.html" />
    </resource>
    <resource href="webcontent/4-2-rassembler-les-ressources_webcontent.html" type="webcontent" identifier="doc_3_1">
      <file href="webcontent/4-2-rassembler-les-ressources_webcontent.html" />
    </resource>
    <resource href="webcontent/4-3-mise-en-forme_webcontent.html" type="webcontent" identifier="doc_3_2">
      <file href="webcontent/4-3-mise-en-forme_webcontent.html" />
    </resource>
    <resource href="auto-evaluation/4-4-quizz_auto-evaluation.xml" type="imsqti_xmlv1p2/imscc_xmlv1p1/assessment" identifier="doc_3_3">
      <file href="auto-evaluation/4-4-quizz_auto-evaluation.xml" />
    </resource>
    <resource href="devoirs/4-5-exercice-dapprofondissement_devoirs.xml" type="imsqti_xmlv1p2/imscc_xmlv1p1/assessment" identifier="doc_3_4">
      <file href="devoirs/4-5-exercice-dapprofondissement_devoirs.xml" />
    </resource>
    <resource href="webcontent/5-1-cours_webcontent.html" type="webcontent" identifier="doc_4_0">
      <file href="webcontent/5-1-cours_webcontent.html" />
    </resource>
    <resource href="auto-evaluation/5-2-quizz_auto-evaluation.xml" type="imsqti_xmlv1p2/imscc_xmlv1p1/assessment" identifier="doc_4_1">
      <file href="auto-evaluation/5-2-quizz_auto-evaluation.xml" />
    </resource>
    <resource href="devoirs/5-3-exercice-dapprofondissement_devoirs.xml" type="imsqti_xmlv1p2/imscc_xmlv1p1/assessment" identifier="doc_4_2">
      <file href="devoirs/5-3-exercice-dapprofondissement_devoirs.xml" />
    </resource>
    <resource href="webcontent/5-4-la-messagerie-electronique-et-les-cookies_webcontent.html" type="webcontent" identifier="doc_4_3">
      <file href="webcontent/5-4-la-messagerie-electronique-et-les-cookies_webcontent.html" />
    </resource>
    <resource href="auto-evaluation/5-5-quizz_auto-evaluation.xml" type="imsqti_xmlv1p2/imscc_xmlv1p1/assessment" identifier="doc_4_4">
      <file href="auto-evaluation/5-5-quizz_auto-evaluation.xml" />
    </resource>
    <resource href="webcontent/6-1-cours_webcontent.html" type="webcontent" identifier="doc_5_0">
      <file href="webcontent/6-1-cours_webcontent.html" />
    </resource>
    <resource href="auto-evaluation/6-2-quizz_auto-evaluation.xml" type="imsqti_xmlv1p2/imscc_xmlv1p1/assessment" identifier="doc_5_1">
      <file href="auto-evaluation/6-2-quizz_auto-evaluation.xml" />
    </resource>
    <resource href="devoirs/6-3-exercice-dapprofondissement_devoirs.xml" type="imsqti_xmlv1p2/imscc_xmlv1p1/assessment" identifier="doc_5_2">
      <file href="devoirs/6-3-exercice-dapprofondissement_devoirs.xml" />
    </resource>
    <resource href="devoirs/6-4-exercice-dapprofondissement_devoirs.xml" type="imsqti_xmlv1p2/imscc_xmlv1p1/assessment" identifier="doc_5_3">
      <file href="devoirs/6-4-exercice-dapprofondissement_devoirs.xml" />
    </resource>
    <resource href="webcontent/7-1-cours_webcontent.html" type="webcontent" identifier="doc_6_0">
      <file href="webcontent/7-1-cours_webcontent.html" />
    </resource>
    <resource href="auto-evaluation/7-2-quizz_auto-evaluation.xml" type="imsqti_xmlv1p2/imscc_xmlv1p1/assessment" identifier="doc_6_1">
      <file href="auto-evaluation/7-2-quizz_auto-evaluation.xml" />
    </resource>
    <resource href="devoirs/7-3-exercice-dapprofondissement_devoirs.xml" type="imsqti_xmlv1p2/imscc_xmlv1p1/assessment" identifier="doc_6_2">
      <file href="devoirs/7-3-exercice-dapprofondissement_devoirs.xml" />
    </resource>
    <resource href="devoirs/7-4-exercice-dapprofondissement_devoirs.xml" type="imsqti_xmlv1p2/imscc_xmlv1p1/assessment" identifier="doc_6_3">
      <file href="devoirs/7-4-exercice-dapprofondissement_devoirs.xml" />
    </resource>
    <resource href="devoirs/7-5-exercice-dapprofondissement_devoirs.xml" type="imsqti_xmlv1p2/imscc_xmlv1p1/assessment" identifier="doc_6_4">
      <file href="devoirs/7-5-exercice-dapprofondissement_devoirs.xml" />
    </resource>
    <resource href="webcontent/8-1-autres-informations_webcontent.html" type="webcontent" identifier="doc_7_0">
      <file href="webcontent/8-1-autres-informations_webcontent.html" />
    </resource>
    <resource href="webcontent/8-2-bilan-du-pour-du-contre_webcontent.html" type="webcontent" identifier="doc_7_1">
      <file href="webcontent/8-2-bilan-du-pour-du-contre_webcontent.html" />
    </resource>
    <resource href="auto-evaluation/8-3-quizz_auto-evaluation.xml" type="imsqti_xmlv1p2/imscc_xmlv1p1/assessment" identifier="doc_7_2">
      <file href="auto-evaluation/8-3-quizz_auto-evaluation.xml" />
    </resource>
    <resource href="devoirs/8-4-exercice-dapprofondissement_devoirs.xml" type="imsqti_xmlv1p2/imscc_xmlv1p1/assessment" identifier="doc_7_3">
      <file href="devoirs/8-4-exercice-dapprofondissement_devoirs.xml" />
    </resource>
    <resource href="devoirs/8-5-exercice-dapprofondissement_devoirs.xml" type="imsqti_xmlv1p2/imscc_xmlv1p1/assessment" identifier="doc_7_4">
      <file href="devoirs/8-5-exercice-dapprofondissement_devoirs.xml" />
    </resource>
  </resources>
</manifest>